concept_id,concept_name,domain_id,vocabulary_id,concept_class_id,standard_concept,concept_code,valid_start_date,valid_end_date,invalid_reason
313217,Atrial fibrillation,Condition,SNOMED,Clinical Finding,S,49436004,1970-01-01,2099-12-31, 
314665,Atrial flutter,Condition,SNOMED,Clinical Finding,S,5370000,1970-01-01,2099-12-31, 
434467,Ostium secundum type atrial septal defect,Condition,SNOMED,Clinical Finding,S,204315000,1970-01-01,2099-12-31, 
438172,Atrial septal defect as current complication following acute myocardial infarction,Condition,SNOMED,Clinical Finding,S,194863005,1970-01-01,2099-12-31, 
2001465,Enlargement of existing atrial septal defect,Procedure,ICD9Proc,4-dig billing code,S,35.41,1970-01-01,2099-12-31, 
2001467,Repair of atrial and ventricular septa with prosthesis,Procedure,ICD9Proc,3-dig nonbill code,S,35.5,1970-01-01,2099-12-31, 
2001469,"Repair of atrial septal defect with prosthesis, open technique",Procedure,ICD9Proc,4-dig billing code,S,35.51,1970-01-01,2099-12-31, 
2001470,"Repair of atrial septal defect with prosthesis, closed technique",Procedure,ICD9Proc,4-dig billing code,S,35.52,1970-01-01,2099-12-31, 
2001474,Repair of atrial and ventricular septa with tissue graft,Procedure,ICD9Proc,3-dig nonbill code,S,35.6,1970-01-01,2099-12-31, 
2001476,Repair of atrial septal defect with tissue graft,Procedure,ICD9Proc,4-dig billing code,S,35.61,1970-01-01,2099-12-31, 
2001479,Other and unspecified repair of atrial and ventricular septa,Procedure,ICD9Proc,3-dig nonbill code,S,35.7,1970-01-01,2099-12-31, 
2001481,Other and unspecified repair of atrial septal defect,Procedure,ICD9Proc,4-dig billing code,S,35.71,1970-01-01,2099-12-31, 
2001490,Interatrial transposition of venous return,Procedure,ICD9Proc,4-dig billing code,S,35.91,1970-01-01,2099-12-31, 
2001551,"Excision, destruction, or exclusion of left atrial appendage (LAA)",Procedure,ICD9Proc,4-dig billing code,S,37.36,2008-10-01,2099-12-31, 
2001578,Replacement of transvenous atrial and/or ventricular lead(s) [electrode],Procedure,ICD9Proc,4-dig billing code,S,37.76,1970-01-01,2099-12-31, 
2001992,Insertion of left atrial appendage device,Procedure,ICD9Proc,4-dig billing code,S,37.90,2004-10-01,2099-12-31, 
2008357,Atrial cardioversion,Procedure,ICD9Proc,4-dig billing code,S,99.61,1970-01-01,2099-12-31, 
2725198,"Destruction of Atrial Septum, Open Approach",Procedure,ICD10PCS,ICD10PCS,S,02550ZZ,2014-04-22,2099-12-31, 
2725199,"Destruction of Atrial Septum, Percutaneous Approach",Procedure,ICD10PCS,ICD10PCS,S,02553ZZ,2014-04-22,2099-12-31, 
2725200,"Destruction of Atrial Septum, Percutaneous Endoscopic Approach",Procedure,ICD10PCS,ICD10PCS,S,02554ZZ,2014-04-22,2099-12-31, 
2725204,"Destruction of Left Atrial Appendage, Open Approach",Procedure,ICD10PCS,ICD10PCS,S,02570ZK,2014-04-22,2099-12-31, 
2725206,"Destruction of Left Atrial Appendage, Percutaneous Approach",Procedure,ICD10PCS,ICD10PCS,S,02573ZK,2014-04-22,2099-12-31, 
2725208,"Destruction of Left Atrial Appendage, Percutaneous Endoscopic Approach",Procedure,ICD10PCS,ICD10PCS,S,02574ZK,2014-04-22,2099-12-31, 
2725636,"Extirpation of Matter from Atrial Septum, Open Approach",Procedure,ICD10PCS,ICD10PCS,S,02C50ZZ,2014-04-22,2099-12-31, 
2725637,"Extirpation of Matter from Atrial Septum, Percutaneous Approach",Procedure,ICD10PCS,ICD10PCS,S,02C53ZZ,2014-04-22,2099-12-31, 
2725638,"Extirpation of Matter from Atrial Septum, Percutaneous Endoscopic Approach",Procedure,ICD10PCS,ICD10PCS,S,02C54ZZ,2014-04-22,2099-12-31, 
2725744,"Excision of Atrial Septum, Open Approach, Diagnostic",Procedure,ICD10PCS,ICD10PCS,S,02B50ZX,2014-04-22,2099-12-31, 
2725745,"Excision of Atrial Septum, Open Approach",Procedure,ICD10PCS,ICD10PCS,S,02B50ZZ,2014-04-22,2099-12-31, 
2725746,"Excision of Atrial Septum, Percutaneous Approach, Diagnostic",Procedure,ICD10PCS,ICD10PCS,S,02B53ZX,2014-04-22,2099-12-31, 
2725747,"Excision of Atrial Septum, Percutaneous Approach",Procedure,ICD10PCS,ICD10PCS,S,02B53ZZ,2014-04-22,2099-12-31, 
2725748,"Excision of Atrial Septum, Percutaneous Endoscopic Approach, Diagnostic",Procedure,ICD10PCS,ICD10PCS,S,02B54ZX,2014-04-22,2099-12-31, 
2725749,"Excision of Atrial Septum, Percutaneous Endoscopic Approach",Procedure,ICD10PCS,ICD10PCS,S,02B54ZZ,2014-04-22,2099-12-31, 
2725756,"Excision of Left Atrial Appendage, Open Approach",Procedure,ICD10PCS,ICD10PCS,S,02B70ZK,2014-04-22,2099-12-31, 
2725759,"Excision of Left Atrial Appendage, Percutaneous Approach",Procedure,ICD10PCS,ICD10PCS,S,02B73ZK,2014-04-22,2099-12-31, 
2725762,"Excision of Left Atrial Appendage, Percutaneous Endoscopic Approach",Procedure,ICD10PCS,ICD10PCS,S,02B74ZK,2014-04-22,2099-12-31, 
2725987,"Release Atrial Septum, Open Approach",Procedure,ICD10PCS,ICD10PCS,S,02N50ZZ,2014-04-22,2099-12-31, 
2725988,"Release Atrial Septum, Percutaneous Approach",Procedure,ICD10PCS,ICD10PCS,S,02N53ZZ,2014-04-22,2099-12-31, 
2725989,"Release Atrial Septum, Percutaneous Endoscopic Approach",Procedure,ICD10PCS,ICD10PCS,S,02N54ZZ,2014-04-22,2099-12-31, 
2726131,"Repair Atrial Septum, Open Approach",Procedure,ICD10PCS,ICD10PCS,S,02Q50ZZ,2014-04-22,2099-12-31, 
2726132,"Repair Atrial Septum, Percutaneous Approach",Procedure,ICD10PCS,ICD10PCS,S,02Q53ZZ,2014-04-22,2099-12-31, 
2726133,"Repair Atrial Septum, Percutaneous Endoscopic Approach",Procedure,ICD10PCS,ICD10PCS,S,02Q54ZZ,2014-04-22,2099-12-31, 
2726381,"Occlusion of Left Atrial Appendage with Extraluminal Device, Open Approach",Procedure,ICD10PCS,ICD10PCS,S,02L70CK,2014-04-22,2099-12-31, 
2726382,"Occlusion of Left Atrial Appendage with Intraluminal Device, Open Approach",Procedure,ICD10PCS,ICD10PCS,S,02L70DK,2014-04-22,2099-12-31, 
2726383,"Occlusion of Left Atrial Appendage, Open Approach",Procedure,ICD10PCS,ICD10PCS,S,02L70ZK,2014-04-22,2099-12-31, 
2726384,"Occlusion of Left Atrial Appendage with Extraluminal Device, Percutaneous Approach",Procedure,ICD10PCS,ICD10PCS,S,02L73CK,2014-04-22,2099-12-31, 
2726385,"Occlusion of Left Atrial Appendage with Intraluminal Device, Percutaneous Approach",Procedure,ICD10PCS,ICD10PCS,S,02L73DK,2014-04-22,2099-12-31, 
2726386,"Occlusion of Left Atrial Appendage, Percutaneous Approach",Procedure,ICD10PCS,ICD10PCS,S,02L73ZK,2014-04-22,2099-12-31, 
2726387,"Occlusion of Left Atrial Appendage with Extraluminal Device, Percutaneous Endoscopic Approach",Procedure,ICD10PCS,ICD10PCS,S,02L74CK,2014-04-22,2099-12-31, 
2726388,"Occlusion of Left Atrial Appendage with Intraluminal Device, Percutaneous Endoscopic Approach",Procedure,ICD10PCS,ICD10PCS,S,02L74DK,2014-04-22,2099-12-31, 
2726389,"Occlusion of Left Atrial Appendage, Percutaneous Endoscopic Approach",Procedure,ICD10PCS,ICD10PCS,S,02L74ZK,2014-04-22,2099-12-31, 
2726518,"Resection of Atrial Septum, Open Approach",Procedure,ICD10PCS,ICD10PCS,S,02T50ZZ,2014-04-22,2099-12-31, 
2726519,"Resection of Atrial Septum, Percutaneous Approach",Procedure,ICD10PCS,ICD10PCS,S,02T53ZZ,2014-04-22,2099-12-31, 
2726520,"Resection of Atrial Septum, Percutaneous Endoscopic Approach",Procedure,ICD10PCS,ICD10PCS,S,02T54ZZ,2014-04-22,2099-12-31, 
2726664,"Supplement Atrial Septum with Autologous Tissue Substitute, Open Approach",Procedure,ICD10PCS,ICD10PCS,S,02U507Z,2014-04-22,2099-12-31, 
2726665,"Supplement Atrial Septum with Zooplastic Tissue, Open Approach",Procedure,ICD10PCS,ICD10PCS,S,02U508Z,2014-04-22,2099-12-31, 
2726666,"Supplement Atrial Septum with Synthetic Substitute, Open Approach",Procedure,ICD10PCS,ICD10PCS,S,02U50JZ,2014-04-22,2099-12-31, 
2726667,"Supplement Atrial Septum with Nonautologous Tissue Substitute, Open Approach",Procedure,ICD10PCS,ICD10PCS,S,02U50KZ,2014-04-22,2099-12-31, 
2726668,"Supplement Atrial Septum with Autologous Tissue Substitute, Percutaneous Approach",Procedure,ICD10PCS,ICD10PCS,S,02U537Z,2014-04-22,2099-12-31, 
2726669,"Supplement Atrial Septum with Zooplastic Tissue, Percutaneous Approach",Procedure,ICD10PCS,ICD10PCS,S,02U538Z,2014-04-22,2099-12-31, 
2726670,"Supplement Atrial Septum with Synthetic Substitute, Percutaneous Approach",Procedure,ICD10PCS,ICD10PCS,S,02U53JZ,2014-04-22,2099-12-31, 
2726671,"Supplement Atrial Septum with Nonautologous Tissue Substitute, Percutaneous Approach",Procedure,ICD10PCS,ICD10PCS,S,02U53KZ,2014-04-22,2099-12-31, 
2726672,"Supplement Atrial Septum with Autologous Tissue Substitute, Percutaneous Endoscopic Approach",Procedure,ICD10PCS,ICD10PCS,S,02U547Z,2014-04-22,2099-12-31, 
2726673,"Supplement Atrial Septum with Zooplastic Tissue, Percutaneous Endoscopic Approach",Procedure,ICD10PCS,ICD10PCS,S,02U548Z,2014-04-22,2099-12-31, 
2726674,"Supplement Atrial Septum with Synthetic Substitute, Percutaneous Endoscopic Approach",Procedure,ICD10PCS,ICD10PCS,S,02U54JZ,2014-04-22,2099-12-31, 
2726675,"Supplement Atrial Septum with Nonautologous Tissue Substitute, Percutaneous Endoscopic Approach",Procedure,ICD10PCS,ICD10PCS,S,02U54KZ,2014-04-22,2099-12-31, 
2726823,"Replacement of Atrial Septum with Autologous Tissue Substitute, Open Approach",Procedure,ICD10PCS,ICD10PCS,S,02R507Z,2014-04-22,2099-12-31, 
2726824,"Replacement of Atrial Septum with Zooplastic Tissue, Open Approach",Procedure,ICD10PCS,ICD10PCS,S,02R508Z,2014-04-22,2099-12-31, 
2726825,"Replacement of Atrial Septum with Synthetic Substitute, Open Approach",Procedure,ICD10PCS,ICD10PCS,S,02R50JZ,2014-04-22,2099-12-31, 
2726826,"Replacement of Atrial Septum with Nonautologous Tissue Substitute, Open Approach",Procedure,ICD10PCS,ICD10PCS,S,02R50KZ,2014-04-22,2099-12-31, 
2726827,"Replacement of Atrial Septum with Autologous Tissue Substitute, Percutaneous Endoscopic Approach",Procedure,ICD10PCS,ICD10PCS,S,02R547Z,2014-04-22,2099-12-31, 
2726828,"Replacement of Atrial Septum with Zooplastic Tissue, Percutaneous Endoscopic Approach",Procedure,ICD10PCS,ICD10PCS,S,02R548Z,2014-04-22,2099-12-31, 
2726829,"Replacement of Atrial Septum with Synthetic Substitute, Percutaneous Endoscopic Approach",Procedure,ICD10PCS,ICD10PCS,S,02R54JZ,2014-04-22,2099-12-31, 
2726830,"Replacement of Atrial Septum with Nonautologous Tissue Substitute, Percutaneous Endoscopic Approach",Procedure,ICD10PCS,ICD10PCS,S,02R54KZ,2014-04-22,2099-12-31, 
2727185,"Revision of Synthetic Substitute in Atrial Septum, Open Approach",Procedure,ICD10PCS,ICD10PCS,S,02W50JZ,2014-04-22,2099-12-31, 
2727186,"Revision of Synthetic Substitute in Atrial Septum, Percutaneous Endoscopic Approach",Procedure,ICD10PCS,ICD10PCS,S,02W54JZ,2014-04-22,2099-12-31, 
2799933,Medical and Surgical @ Heart and Great Vessels @ Excision @ Atrial Septum @ Percutaneous @ No Device,Procedure,ICD10PCS,ICD10PCS Hierarchy,S,02B53Z,1970-01-01,2099-12-31, 
2800259,Medical and Surgical @ Heart and Great Vessels @ Supplement @ Atrial Septum @ Open,Procedure,ICD10PCS,ICD10PCS Hierarchy,S,02U50,1970-01-01,2099-12-31, 
2807870,Medical and Surgical @ Heart and Great Vessels @ Release @ Atrial Septum,Procedure,ICD10PCS,ICD10PCS Hierarchy,S,02N5,1970-01-01,2099-12-31, 
2807893,Medical and Surgical @ Heart and Great Vessels @ Replacement @ Atrial Septum @ Open @ Autologous Tissue Substitute,Procedure,ICD10PCS,ICD10PCS Hierarchy,S,02R507,1970-01-01,2099-12-31, 
2807894,Medical and Surgical @ Heart and Great Vessels @ Replacement @ Atrial Septum @ Percutaneous Endoscopic @ Nonautologous Tissue Substitute,Procedure,ICD10PCS,ICD10PCS Hierarchy,S,02R54K,1970-01-01,2099-12-31, 
2807909,Medical and Surgical @ Heart and Great Vessels @ Resection @ Atrial Septum @ Open @ No Device,Procedure,ICD10PCS,ICD10PCS Hierarchy,S,02T50Z,1970-01-01,2099-12-31, 
2812947,Medical and Surgical @ Heart and Great Vessels @ Repair @ Atrial Septum @ Open,Procedure,ICD10PCS,ICD10PCS Hierarchy,S,02Q50,1970-01-01,2099-12-31, 
2812948,Medical and Surgical @ Heart and Great Vessels @ Repair @ Atrial Septum @ Open @ No Device,Procedure,ICD10PCS,ICD10PCS Hierarchy,S,02Q50Z,1970-01-01,2099-12-31, 
2812949,Medical and Surgical @ Heart and Great Vessels @ Repair @ Atrial Septum @ Percutaneous @ No Device,Procedure,ICD10PCS,ICD10PCS Hierarchy,S,02Q53Z,1970-01-01,2099-12-31, 
2812961,Medical and Surgical @ Heart and Great Vessels @ Replacement @ Atrial Septum @ Open,Procedure,ICD10PCS,ICD10PCS Hierarchy,S,02R50,1970-01-01,2099-12-31, 
2812962,Medical and Surgical @ Heart and Great Vessels @ Replacement @ Atrial Septum @ Percutaneous Endoscopic @ Zooplastic Tissue,Procedure,ICD10PCS,ICD10PCS Hierarchy,S,02R548,1970-01-01,2099-12-31, 
2813104,Medical and Surgical @ Heart and Great Vessels @ Supplement @ Atrial Septum @ Open @ Autologous Tissue Substitute,Procedure,ICD10PCS,ICD10PCS Hierarchy,S,02U507,1970-01-01,2099-12-31, 
2813105,Medical and Surgical @ Heart and Great Vessels @ Supplement @ Atrial Septum @ Percutaneous @ Synthetic Substitute,Procedure,ICD10PCS,ICD10PCS Hierarchy,S,02U53J,1970-01-01,2099-12-31, 
2813106,Medical and Surgical @ Heart and Great Vessels @ Supplement @ Atrial Septum @ Percutaneous Endoscopic,Procedure,ICD10PCS,ICD10PCS Hierarchy,S,02U54,1970-01-01,2099-12-31, 
2813107,Medical and Surgical @ Heart and Great Vessels @ Supplement @ Atrial Septum @ Percutaneous Endoscopic @ Zooplastic Tissue,Procedure,ICD10PCS,ICD10PCS Hierarchy,S,02U548,1970-01-01,2099-12-31, 
2813108,Medical and Surgical @ Heart and Great Vessels @ Supplement @ Atrial Septum @ Percutaneous Endoscopic @ Nonautologous Tissue Substitute,Procedure,ICD10PCS,ICD10PCS Hierarchy,S,02U54K,1970-01-01,2099-12-31, 
2815235,Medical and Surgical @ Heart and Great Vessels @ Destruction @ Atrial Septum @ Open,Procedure,ICD10PCS,ICD10PCS Hierarchy,S,02550,1970-01-01,2099-12-31, 
2815374,Medical and Surgical @ Heart and Great Vessels @ Excision @ Atrial Septum @ Percutaneous Endoscopic,Procedure,ICD10PCS,ICD10PCS Hierarchy,S,02B54,1970-01-01,2099-12-31, 
2822634,Medical and Surgical @ Heart and Great Vessels @ Destruction @ Atrial Septum @ Open @ No Device,Procedure,ICD10PCS,ICD10PCS Hierarchy,S,02550Z,1970-01-01,2099-12-31, 
2822967,Medical and Surgical @ Heart and Great Vessels @ Release @ Atrial Septum @ Open,Procedure,ICD10PCS,ICD10PCS Hierarchy,S,02N50,1970-01-01,2099-12-31, 
2822968,Medical and Surgical @ Heart and Great Vessels @ Release @ Atrial Septum @ Percutaneous @ No Device,Procedure,ICD10PCS,ICD10PCS Hierarchy,S,02N53Z,1970-01-01,2099-12-31, 
2822969,Medical and Surgical @ Heart and Great Vessels @ Release @ Atrial Septum @ Percutaneous Endoscopic,Procedure,ICD10PCS,ICD10PCS Hierarchy,S,02N54,1970-01-01,2099-12-31, 
2822985,Medical and Surgical @ Heart and Great Vessels @ Repair @ Atrial Septum @ Percutaneous,Procedure,ICD10PCS,ICD10PCS Hierarchy,S,02Q53,1970-01-01,2099-12-31, 
2823132,Medical and Surgical @ Heart and Great Vessels @ Replacement @ Atrial Septum,Procedure,ICD10PCS,ICD10PCS Hierarchy,S,02R5,1970-01-01,2099-12-31, 
2823149,Medical and Surgical @ Heart and Great Vessels @ Resection @ Atrial Septum @ Percutaneous,Procedure,ICD10PCS,ICD10PCS Hierarchy,S,02T53,1970-01-01,2099-12-31, 
2823150,Medical and Surgical @ Heart and Great Vessels @ Resection @ Atrial Septum @ Percutaneous Endoscopic @ No Device,Procedure,ICD10PCS,ICD10PCS Hierarchy,S,02T54Z,1970-01-01,2099-12-31, 
2823154,Medical and Surgical @ Heart and Great Vessels @ Supplement @ Atrial Septum @ Open @ Nonautologous Tissue Substitute,Procedure,ICD10PCS,ICD10PCS Hierarchy,S,02U50K,1970-01-01,2099-12-31, 
2823316,Medical and Surgical @ Heart and Great Vessels @ Revision @ Atrial Septum @ Percutaneous Endoscopic @ Synthetic Substitute,Procedure,ICD10PCS,ICD10PCS Hierarchy,S,02W54J,1970-01-01,2099-12-31, 
2827860,Medical and Surgical @ Heart and Great Vessels @ Destruction @ Atrial Septum @ Percutaneous @ No Device,Procedure,ICD10PCS,ICD10PCS Hierarchy,S,02553Z,1970-01-01,2099-12-31, 
2828002,Medical and Surgical @ Heart and Great Vessels @ Excision @ Atrial Septum @ Open,Procedure,ICD10PCS,ICD10PCS Hierarchy,S,02B50,1970-01-01,2099-12-31, 
2828012,Medical and Surgical @ Heart and Great Vessels @ Extirpation @ Atrial Septum @ Open,Procedure,ICD10PCS,ICD10PCS Hierarchy,S,02C50,1970-01-01,2099-12-31, 
2828013,Medical and Surgical @ Heart and Great Vessels @ Extirpation @ Atrial Septum @ Percutaneous Endoscopic @ No Device,Procedure,ICD10PCS,ICD10PCS Hierarchy,S,02C54Z,1970-01-01,2099-12-31, 
2828347,Medical and Surgical @ Heart and Great Vessels @ Supplement @ Atrial Septum @ Open @ Zooplastic Tissue,Procedure,ICD10PCS,ICD10PCS Hierarchy,S,02U508,1970-01-01,2099-12-31, 
2836331,Medical and Surgical @ Heart and Great Vessels @ Resection @ Atrial Septum @ Percutaneous Endoscopic,Procedure,ICD10PCS,ICD10PCS Hierarchy,S,02T54,1970-01-01,2099-12-31, 
2836334,Medical and Surgical @ Heart and Great Vessels @ Supplement @ Atrial Septum @ Percutaneous,Procedure,ICD10PCS,ICD10PCS Hierarchy,S,02U53,1970-01-01,2099-12-31, 
2836367,Medical and Surgical @ Heart and Great Vessels @ Revision @ Atrial Septum @ Open @ Synthetic Substitute,Procedure,ICD10PCS,ICD10PCS Hierarchy,S,02W50J,1970-01-01,2099-12-31, 
2840575,Medical and Surgical @ Heart and Great Vessels @ Extirpation @ Atrial Septum @ Percutaneous Endoscopic,Procedure,ICD10PCS,ICD10PCS Hierarchy,S,02C54,1970-01-01,2099-12-31, 
2848304,Medical and Surgical @ Heart and Great Vessels @ Destruction @ Atrial Septum @ Percutaneous,Procedure,ICD10PCS,ICD10PCS Hierarchy,S,02553,1970-01-01,2099-12-31, 
2848473,Medical and Surgical @ Heart and Great Vessels @ Extirpation @ Atrial Septum @ Open @ No Device,Procedure,ICD10PCS,ICD10PCS Hierarchy,S,02C50Z,1970-01-01,2099-12-31, 
2848474,Medical and Surgical @ Heart and Great Vessels @ Extirpation @ Atrial Septum @ Percutaneous,Procedure,ICD10PCS,ICD10PCS Hierarchy,S,02C53,1970-01-01,2099-12-31, 
2848635,Medical and Surgical @ Heart and Great Vessels @ Release @ Atrial Septum @ Open @ No Device,Procedure,ICD10PCS,ICD10PCS Hierarchy,S,02N50Z,1970-01-01,2099-12-31, 
2848636,Medical and Surgical @ Heart and Great Vessels @ Release @ Atrial Septum @ Percutaneous Endoscopic @ No Device,Procedure,ICD10PCS,ICD10PCS Hierarchy,S,02N54Z,1970-01-01,2099-12-31, 
2852845,Medical and Surgical @ Heart and Great Vessels @ Destruction @ Atrial Septum,Procedure,ICD10PCS,ICD10PCS Hierarchy,S,0255,1970-01-01,2099-12-31, 
2852986,Medical and Surgical @ Heart and Great Vessels @ Excision @ Atrial Septum @ Percutaneous,Procedure,ICD10PCS,ICD10PCS Hierarchy,S,02B53,1970-01-01,2099-12-31, 
2853326,Medical and Surgical @ Heart and Great Vessels @ Replacement @ Atrial Septum @ Open @ Zooplastic Tissue,Procedure,ICD10PCS,ICD10PCS Hierarchy,S,02R508,1970-01-01,2099-12-31, 
2853327,Medical and Surgical @ Heart and Great Vessels @ Replacement @ Atrial Septum @ Percutaneous Endoscopic,Procedure,ICD10PCS,ICD10PCS Hierarchy,S,02R54,1970-01-01,2099-12-31, 
2853340,Medical and Surgical @ Heart and Great Vessels @ Supplement @ Atrial Septum @ Open @ Synthetic Substitute,Procedure,ICD10PCS,ICD10PCS Hierarchy,S,02U50J,1970-01-01,2099-12-31, 
2853341,Medical and Surgical @ Heart and Great Vessels @ Supplement @ Atrial Septum @ Percutaneous Endoscopic @ Synthetic Substitute,Procedure,ICD10PCS,ICD10PCS Hierarchy,S,02U54J,1970-01-01,2099-12-31, 
2861841,Medical and Surgical @ Heart and Great Vessels @ Release @ Atrial Septum @ Percutaneous,Procedure,ICD10PCS,ICD10PCS Hierarchy,S,02N53,1970-01-01,2099-12-31, 
2862016,Medical and Surgical @ Heart and Great Vessels @ Supplement @ Atrial Septum @ Percutaneous @ Autologous Tissue Substitute,Procedure,ICD10PCS,ICD10PCS Hierarchy,S,02U537,1970-01-01,2099-12-31, 
2862172,Medical and Surgical @ Heart and Great Vessels @ Revision @ Atrial Septum,Procedure,ICD10PCS,ICD10PCS Hierarchy,S,02W5,1970-01-01,2099-12-31, 
2862173,Medical and Surgical @ Heart and Great Vessels @ Revision @ Atrial Septum @ Open,Procedure,ICD10PCS,ICD10PCS Hierarchy,S,02W50,1970-01-01,2099-12-31, 
2866384,Medical and Surgical @ Heart and Great Vessels @ Destruction @ Atrial Septum @ Percutaneous Endoscopic @ No Device,Procedure,ICD10PCS,ICD10PCS Hierarchy,S,02554Z,1970-01-01,2099-12-31, 
2866542,Medical and Surgical @ Heart and Great Vessels @ Extirpation @ Atrial Septum @ Percutaneous @ No Device,Procedure,ICD10PCS,ICD10PCS Hierarchy,S,02C53Z,1970-01-01,2099-12-31, 
2866873,Medical and Surgical @ Heart and Great Vessels @ Resection @ Atrial Septum,Procedure,ICD10PCS,ICD10PCS Hierarchy,S,02T5,1970-01-01,2099-12-31, 
2874906,Medical and Surgical @ Heart and Great Vessels @ Replacement @ Atrial Septum @ Open @ Synthetic Substitute,Procedure,ICD10PCS,ICD10PCS Hierarchy,S,02R50J,1970-01-01,2099-12-31, 
2874928,Medical and Surgical @ Heart and Great Vessels @ Supplement @ Atrial Septum @ Percutaneous @ Nonautologous Tissue Substitute,Procedure,ICD10PCS,ICD10PCS Hierarchy,S,02U53K,1970-01-01,2099-12-31, 
2874929,Medical and Surgical @ Heart and Great Vessels @ Supplement @ Atrial Septum @ Percutaneous Endoscopic @ Autologous Tissue Substitute,Procedure,ICD10PCS,ICD10PCS Hierarchy,S,02U547,1970-01-01,2099-12-31, 
2879962,Medical and Surgical @ Heart and Great Vessels @ Excision @ Atrial Septum,Procedure,ICD10PCS,ICD10PCS Hierarchy,S,02B5,1970-01-01,2099-12-31, 
2879975,Medical and Surgical @ Heart and Great Vessels @ Extirpation @ Atrial Septum,Procedure,ICD10PCS,ICD10PCS Hierarchy,S,02C5,1970-01-01,2099-12-31, 
2880290,Medical and Surgical @ Heart and Great Vessels @ Repair @ Atrial Septum @ Percutaneous Endoscopic,Procedure,ICD10PCS,ICD10PCS Hierarchy,S,02Q54,1970-01-01,2099-12-31, 
2880291,Medical and Surgical @ Heart and Great Vessels @ Repair @ Atrial Septum @ Percutaneous Endoscopic @ No Device,Procedure,ICD10PCS,ICD10PCS Hierarchy,S,02Q54Z,1970-01-01,2099-12-31, 
2880298,Medical and Surgical @ Heart and Great Vessels @ Replacement @ Atrial Septum @ Percutaneous Endoscopic @ Synthetic Substitute,Procedure,ICD10PCS,ICD10PCS Hierarchy,S,02R54J,1970-01-01,2099-12-31, 
2880447,Medical and Surgical @ Heart and Great Vessels @ Supplement @ Atrial Septum,Procedure,ICD10PCS,ICD10PCS Hierarchy,S,02U5,1970-01-01,2099-12-31, 
2880448,Medical and Surgical @ Heart and Great Vessels @ Supplement @ Atrial Septum @ Percutaneous @ Zooplastic Tissue,Procedure,ICD10PCS,ICD10PCS Hierarchy,S,02U538,1970-01-01,2099-12-31, 
2887784,Medical and Surgical @ Heart and Great Vessels @ Destruction @ Atrial Septum @ Percutaneous Endoscopic,Procedure,ICD10PCS,ICD10PCS Hierarchy,S,02554,1970-01-01,2099-12-31, 
2887806,Medical and Surgical @ Heart and Great Vessels @ Excision @ Atrial Septum @ Open @ No Device,Procedure,ICD10PCS,ICD10PCS Hierarchy,S,02B50Z,1970-01-01,2099-12-31, 
2888113,Medical and Surgical @ Heart and Great Vessels @ Repair @ Atrial Septum,Procedure,ICD10PCS,ICD10PCS Hierarchy,S,02Q5,1970-01-01,2099-12-31, 
2888127,Medical and Surgical @ Heart and Great Vessels @ Replacement @ Atrial Septum @ Open @ Nonautologous Tissue Substitute,Procedure,ICD10PCS,ICD10PCS Hierarchy,S,02R50K,1970-01-01,2099-12-31, 
2888128,Medical and Surgical @ Heart and Great Vessels @ Replacement @ Atrial Septum @ Percutaneous Endoscopic @ Autologous Tissue Substitute,Procedure,ICD10PCS,ICD10PCS Hierarchy,S,02R547,1970-01-01,2099-12-31, 
2892976,Medical and Surgical @ Heart and Great Vessels @ Excision @ Atrial Septum @ Percutaneous Endoscopic @ No Device,Procedure,ICD10PCS,ICD10PCS Hierarchy,S,02B54Z,1970-01-01,2099-12-31, 
2893318,Medical and Surgical @ Heart and Great Vessels @ Resection @ Atrial Septum @ Open,Procedure,ICD10PCS,ICD10PCS Hierarchy,S,02T50,1970-01-01,2099-12-31, 
2893319,Medical and Surgical @ Heart and Great Vessels @ Resection @ Atrial Septum @ Percutaneous @ No Device,Procedure,ICD10PCS,ICD10PCS Hierarchy,S,02T53Z,1970-01-01,2099-12-31, 
2893344,Medical and Surgical @ Heart and Great Vessels @ Revision @ Atrial Septum @ Percutaneous Endoscopic,Procedure,ICD10PCS,ICD10PCS Hierarchy,S,02W54,1970-01-01,2099-12-31, 
3002369,Left atrial appendage Maximum emptying [Velocity] by US.doppler,Measurement,LOINC,Clinical Observation,S,29486-8,2001-03-16,2099-12-31, 
3002718,Right atrial V wave amplitude,Measurement,LOINC,Clinical Observation,S,8593-6,1970-01-01,2099-12-31, 
3003343,Left atrial V wave amplitude,Measurement,LOINC,Clinical Observation,S,8592-8,1970-01-01,2099-12-31, 
3008412,Right atrial Apical 4 chamber [Area] by US 2D,Measurement,LOINC,Clinical Observation,S,17988-7,1970-01-01,2099-12-31, 
3009775,Left atrial Superior-Inferior apical 4 chamber [Length] by US 2D,Measurement,LOINC,Clinical Observation,S,29467-8,2001-03-16,2099-12-31, 
3011040,Right atrial Intrachamber diastole pressure by Estimated from jugular venous distention,Measurement,LOINC,Clinical Observation,S,20297-8,1970-01-01,2099-12-31, 
3012360,Right atrial Superior-Inferior apical 4 chamber [Length] by US 2D,Measurement,LOINC,Clinical Observation,S,29466-0,2001-03-16,2099-12-31, 
3014507,Right atrial Intrachamber mean pressure,Measurement,LOINC,Clinical Observation,S,8400-4,1970-01-01,2099-12-31, 
3014951,Right atrial Intrachamber mean systole pressure by Estimated from jugular venous distention,Measurement,LOINC,Clinical Observation,S,18069-5,1970-01-01,2099-12-31, 
3016130,Premature atrial contractions,Measurement,LOINC,Clinical Observation,S,8615-7,1996-09-06,2099-12-31, 
3017543,Right atrial Diastolic filling period by US,Measurement,LOINC,Clinical Observation,S,20346-3,1970-01-01,2099-12-31, 
3019861,Left atrial Major axis diameter anterior-posterior systole by US 2D,Measurement,LOINC,Clinical Observation,S,29469-4,2001-03-16,2099-12-31, 
3020196,Atrial septum Defect diameter by US,Measurement,LOINC,Clinical Observation,S,18004-2,1970-01-01,2099-12-31, 
3021529,Left atrial AP dimension.left atrium/AP dimension.aorta root by US,Measurement,LOINC,Clinical Observation,S,17985-3,1970-01-01,2099-12-31, 
3021588,Left atrial A-wave amplitude,Measurement,LOINC,Clinical Observation,S,8582-9,1970-01-01,2099-12-31, 
3022612,Right atrial A-wave amplitude,Measurement,LOINC,Clinical Observation,S,8583-7,1970-01-01,2099-12-31, 
3022831,Atrial natriuretic factor [Mass/volume] in Arterial blood,Measurement,LOINC,Lab Test,S,1921-6,1970-01-01,2099-12-31, 
3023614,Left atrial Diameter anterior-posterior systole by US 2D,Measurement,LOINC,Clinical Observation,S,29468-6,2001-03-16,2099-12-31, 
3025570,Left atrial Intrachamber mean pressure,Measurement,LOINC,Clinical Observation,S,8399-8,1970-01-01,2099-12-31, 
3027468,Right atrial Intrachamber mean systole pressure by US,Measurement,LOINC,Clinical Observation,S,18070-3,1970-01-01,2099-12-31, 
3030081,Atrial natriuretic factor [Moles/volume] in Plasma,Measurement,LOINC,Lab Test,S,33783-2,2003-02-25,2099-12-31, 
3034408,Atrial natriuretic factor [Mass/volume] in Plasma,Measurement,LOINC,Lab Test,S,11208-6,1997-07-16,2099-12-31, 
3035095,Left atrial Diameter anterior-posterior systole by US.M-mode,Measurement,LOINC,Clinical Observation,S,18024-0,1970-01-01,2099-12-31, 
3037208,Left atrial Apical 4 chamber [Area] by US 2D,Measurement,LOINC,Clinical Observation,S,17977-0,1970-01-01,2099-12-31, 
4000619,Repair of atrial heart septum in total repair of tetralogy of Fallot,Procedure,SNOMED,Procedure,S,11933006,1970-01-01,2099-12-31, 
4018430,Closure of defect of interatrial septum using prosthetic patch,Procedure,SNOMED,Procedure,S,174844000,1970-01-01,2099-12-31, 
4018431,Revision of closure of defect of interatrial septum,Procedure,SNOMED,Procedure,S,174848002,1970-01-01,2099-12-31, 
4019141,Implantation of intravenous atrial overdrive pacemaker,Procedure,SNOMED,Procedure,S,175145006,1970-01-01,2099-12-31, 
4019944,Open enlargement of atrial septal defect,Procedure,SNOMED,Procedure,S,174866007,1970-01-01,2099-12-31, 
4020234,Implantation of intravenous pacemaker for atrial fibrillation,Procedure,SNOMED,Procedure,S,175146007,1970-01-01,2099-12-31, 
4020371,Atrial inversion operation using atrial wall,Procedure,SNOMED,Procedure,S,174822005,1970-01-01,2099-12-31, 
4020376,Closure of defect of interatrial septum using pericardial patch,Procedure,SNOMED,Procedure,S,174845004,1970-01-01,2099-12-31, 
4021776,Atrial rhythm,Condition,SNOMED,Clinical Finding,S,106068003,1970-01-01,2099-12-31, 
4021904,Atrial aneurysmectomy,Procedure,SNOMED,Procedure,S,10615008,1970-01-01,2099-12-31, 
4027246,Juxtaposed atrial appendage,Condition,SNOMED,Clinical Finding,S,128563000,1970-01-01,2099-12-31, 
4028322,Sinoatrial arrest with nodal/ventricular escape,Condition,SNOMED,Clinical Finding,S,13395001,1970-01-01,2099-12-31, 
4031920,Repair of atrial septal defect in total repair of total anomalous pulmonary venous connection,Procedure,SNOMED,Procedure,S,10870009,1970-01-01,2099-12-31, 
4039864,Repair of atrial septal defect with prosthesis by open heart technique,Procedure,SNOMED,Procedure,S,11748006,1970-01-01,2099-12-31, 
4040916,Atrial septal umbrella,Device,SNOMED,Physical Object,S,118420000,1970-01-01,2099-12-31, 
4044731,Atrial effective refractory period,Observation,SNOMED,Observable Entity,S,129087001,1970-01-01,2099-12-31, 
4047554,Atrial fibrillation monitoring,Observation,SNOMED,Procedure,S,134377004,1970-01-01,2099-12-31, 
4049297,Levoatrial cardinal vein,Condition,SNOMED,Clinical Finding,S,123661007,1970-01-01,2099-12-31, 
4051169,Mesoatrial shunt,Procedure,SNOMED,Procedure,S,233447000,1970-01-01,2099-12-31, 
4055567,Removal of cardiac pacemaker from epicardium with replacement of atrial and/or ventricular leads,Procedure,SNOMED,Procedure,S,16781006,1970-01-01,2099-12-31, 
4064452,ECG: atrial fibrillation,Condition,SNOMED,Clinical Finding,S,164889003,1970-01-01,2099-12-31, 
4064869,ECG: paroxysmal atrial tachy.,Condition,SNOMED,Clinical Finding,S,164891006,1970-01-01,2099-12-31, 
4064872,EKG: complete sinoatrial block,Condition,SNOMED,Clinical Finding,S,164901004,1970-01-01,2099-12-31, 
4065285,EKG: atrial ectopics,Condition,SNOMED,Clinical Finding,S,164885009,1970-01-01,2099-12-31, 
4065288,EKG: atrial flutter,Condition,SNOMED,Clinical Finding,S,164890007,1970-01-01,2099-12-31, 
4065289,ECG: partial sinoatrial block,Condition,SNOMED,Clinical Finding,S,164900003,1970-01-01,2099-12-31, 
4066746,Ebstein's anomaly with atrial septal defect,Condition,SNOMED,Clinical Finding,S,17394001,1970-01-01,2099-12-31, 
4068155,Atrial arrhythmia,Condition,SNOMED,Clinical Finding,S,17366009,1970-01-01,2099-12-31, 
4069636,Repair of atrial septal defect with tissue graft,Procedure,SNOMED,Procedure,S,21526003,1970-01-01,2099-12-31, 
4075541,"Implantation of baffle, atrial or interatrial",Procedure,SNOMED,Procedure,S,245544005,1970-01-01,2099-12-31, 
4077018,Replacement of transvenous atrial pacemaker electrode leads,Procedure,SNOMED,Procedure,S,17954009,1970-01-01,2099-12-31, 
4079145,Atrial sound,Condition,SNOMED,Clinical Finding,S,277454003,1970-01-01,2099-12-31, 
4080111,Preferential interatrial pathway,Spec Anatomic Site,SNOMED,Body Structure,S,277692009,1970-01-01,2099-12-31, 
4080277,Anterior interatrial preferential pathway,Spec Anatomic Site,SNOMED,Body Structure,S,277963007,1970-01-01,2099-12-31, 
4080408,Entire sinoatrial node,Spec Anatomic Site,SNOMED,Body Structure,S,277687007,1970-01-01,2099-12-31, 
4080412,Interatrial groove,Spec Anatomic Site,SNOMED,Body Structure,S,277709003,1970-01-01,2099-12-31, 
4080719,Interatrial bundle of interatrial preferential pathway,Spec Anatomic Site,SNOMED,Body Structure,S,277964001,1970-01-01,2099-12-31, 
4081033,Right atrial pressure - x trough,Measurement,SNOMED,Observable Entity,S,276777007,1970-01-01,2099-12-31, 
4081035,Mean direct left atrial pressure,Measurement,SNOMED,Observable Entity,S,276783005,1970-01-01,2099-12-31, 
4081036,Direct left atrial pressure - y trough,Measurement,SNOMED,Observable Entity,S,276788001,1970-01-01,2099-12-31, 
4081040,Facultative pulmonary hypertension with shunt at atrial level,Condition,SNOMED,Clinical Finding,S,276794009,1970-01-01,2099-12-31, 
4081158,Insertion of atrial septal umbrella,Procedure,SNOMED,Procedure,S,246525005,1970-01-01,2099-12-31, 
4083543,Enlargement of atrial septal defect in repair of total anomalous pulmonary venous connection,Procedure,SNOMED,Procedure,S,23970008,1970-01-01,2099-12-31, 
4088352,Sinus arrest with atrial escape,Condition,SNOMED,Clinical Finding,S,251092003,1970-01-01,2099-12-31, 
4088355,Intra-atrial conduction,Observation,SNOMED,Observable Entity,S,251100004,1970-01-01,2099-12-31, 
4088493,Areas of atrial slow conduction,Observation,SNOMED,Observable Entity,S,251111007,1970-01-01,2099-12-31, 
4088504,Atrial bigeminy,Condition,SNOMED,Clinical Finding,S,251173003,1970-01-01,2099-12-31, 
4088984,Blocked premature atrial contraction,Condition,SNOMED,Clinical Finding,S,251170000,1970-01-01,2099-12-31, 
4088986,Atrial escape complex,Condition,SNOMED,Clinical Finding,S,251187003,1970-01-01,2099-12-31, 
4088987,Atrial parasystole,Condition,SNOMED,Clinical Finding,S,251188008,1970-01-01,2099-12-31, 
4089460,Multiple atrial premature complexes,Condition,SNOMED,Clinical Finding,S,251171001,1970-01-01,2099-12-31, 
4089461,Run of atrial premature complexes,Condition,SNOMED,Clinical Finding,S,251172008,1970-01-01,2099-12-31, 
4089488,Atrial pacing pattern,Condition,SNOMED,Clinical Finding,S,251268003,1970-01-01,2099-12-31, 
4091903,Atrial trigeminy,Condition,SNOMED,Clinical Finding,S,251174009,1970-01-01,2099-12-31, 
4093556,Atrial plexus,Spec Anatomic Site,SNOMED,Body Structure,S,280517003,1970-01-01,2099-12-31, 
4094190,Open atrial septectomy with inflow occlusion,Procedure,SNOMED,Procedure,S,281187007,1970-01-01,2099-12-31, 
4098133,Chronic ectopic atrial tachycardia,Condition,SNOMED,Clinical Finding,S,26950008,1970-01-01,2099-12-31, 
4098410,Atrial cardioversion,Procedure,SNOMED,Procedure,S,26879000,1970-01-01,2099-12-31, 
4099638,Entire coronary sinus of left atrial septum,Spec Anatomic Site,SNOMED,Body Structure,S,190000001,1970-01-01,2099-12-31, 
4100130,Right atrial appendage absent,Condition,SNOMED,Clinical Finding,S,253345004,1970-01-01,2099-12-31, 
4100131,Right atrial appendage - left - juxtaposition,Condition,SNOMED,Clinical Finding,S,253346003,1970-01-01,2099-12-31, 
4100132,Right atrial appendage aneurysm,Condition,SNOMED,Clinical Finding,S,253347007,1970-01-01,2099-12-31, 
4100133,Right atrial endocardial fibroelastosis,Condition,SNOMED,Clinical Finding,S,253348002,1970-01-01,2099-12-31, 
4100134,Right atrial hypoplasia,Condition,SNOMED,Clinical Finding,S,253349005,1970-01-01,2099-12-31, 
4100135,Right atrial dilatation,Condition,SNOMED,Clinical Finding,S,253350005,1970-01-01,2099-12-31, 
4100136,Left atrial abnormality,Condition,SNOMED,Clinical Finding,S,253352002,1970-01-01,2099-12-31, 
4100137,Abnormality of left atrial appendage,Condition,SNOMED,Clinical Finding,S,253355000,1970-01-01,2099-12-31, 
4100138,Left atrial appendage absent,Condition,SNOMED,Clinical Finding,S,253356004,1970-01-01,2099-12-31, 
4100139,Left atrial appendage - right - juxtaposition,Condition,SNOMED,Clinical Finding,S,253357008,1970-01-01,2099-12-31, 
4100254,Malaligned atrial septum,Condition,SNOMED,Clinical Finding,S,253423004,1970-01-01,2099-12-31, 
4100866,Isomerism of right atrial appendage,Condition,SNOMED,Clinical Finding,S,253336000,1970-01-01,2099-12-31, 
4100867,Isomerism of left atrial appendage,Condition,SNOMED,Clinical Finding,S,253337009,1970-01-01,2099-12-31, 
4100869,Supramitral left atrial ring,Condition,SNOMED,Clinical Finding,S,253354001,1970-01-01,2099-12-31, 
4100870,Left atrial hypoplasia,Condition,SNOMED,Clinical Finding,S,253360001,1970-01-01,2099-12-31, 
4101026,Right atrial abnormality,Condition,SNOMED,Clinical Finding,S,253339007,1970-01-01,2099-12-31, 
4101029,Left atrial dilatation,Condition,SNOMED,Clinical Finding,S,253361002,1970-01-01,2099-12-31, 
4101032,Atrial septal defect through coronary sinus orifice,Condition,SNOMED,Clinical Finding,S,253371000,1970-01-01,2099-12-31, 
4101033,Atrioventricular septal defect - isolated atrial component,Condition,SNOMED,Clinical Finding,S,253373002,1970-01-01,2099-12-31, 
4101485,Atrioventricular septal defect: atrial and ventricular components,Condition,SNOMED,Clinical Finding,S,253416000,1970-01-01,2099-12-31, 
4102252,Asymptomatic sinoatrial node dysfunction,Condition,SNOMED,Clinical Finding,S,300997008,1970-01-01,2099-12-31, 
4102845,Congenital abnormality of atria and atrial septum,Condition,SNOMED,Clinical Finding,S,253334002,1970-01-01,2099-12-31, 
4102846,Isomerism of atrial appendages,Condition,SNOMED,Clinical Finding,S,253335001,1970-01-01,2099-12-31, 
4102849,Abnormality of right atrial appendage,Condition,SNOMED,Clinical Finding,S,253344000,1970-01-01,2099-12-31, 
4102852,Left atrial appendage aneurysm,Condition,SNOMED,Clinical Finding,S,253358003,1970-01-01,2099-12-31, 
4102853,Left atrial endocardial fibroelastosis,Condition,SNOMED,Clinical Finding,S,253359006,1970-01-01,2099-12-31, 
4102856,Abnormality of atrial septum,Condition,SNOMED,Clinical Finding,S,253363004,1970-01-01,2099-12-31, 
4103195,Atrial septal defect murmur,Condition,SNOMED,Clinical Finding,S,301130004,1970-01-01,2099-12-31, 
4108350,Atrial hypertrophy,Condition,SNOMED,Clinical Finding,S,195126007,1970-01-01,2099-12-31, 
4108352,Atrial thrombosis,Condition,SNOMED,Clinical Finding,S,195147006,1970-01-01,2099-12-31, 
4108830,Atrial paroxysmal tachycardia,Condition,SNOMED,Clinical Finding,S,195069001,1970-01-01,2099-12-31, 
4108832,Atrial fibrillation and flutter,Condition,SNOMED,Clinical Finding,S,195080001,1970-01-01,2099-12-31, 
4109365,Premature atrial contraction,Condition,SNOMED,Clinical Finding,S,284470004,1970-01-01,2099-12-31, 
4110184,Structure of atrial vein,Spec Anatomic Site,SNOMED,Body Structure,S,195164009,1970-01-01,2099-12-31, 
4110932,Entire sinoatrial node branch of right coronary artery,Spec Anatomic Site,SNOMED,Body Structure,S,194438003,1970-01-01,2099-12-31, 
4111551,Wandering atrial pacemaker,Condition,SNOMED,Clinical Finding,S,195101003,1970-01-01,2099-12-31, 
4115173,Atrial premature complex,Condition,SNOMED,Clinical Finding,S,287057009,1970-01-01,2099-12-31, 
4115329,Atrial appendage excision,Procedure,SNOMED,Procedure,S,287294005,1970-01-01,2099-12-31, 
4117045,Atrial overdrive pacing,Procedure,SNOMED,Procedure,S,287696002,1970-01-01,2099-12-31, 
4117112,Controlled atrial fibrillation,Condition,SNOMED,Clinical Finding,S,300996004,1970-01-01,2099-12-31, 
4119535,Ventriculoatrial shunt,Device,SNOMED,Physical Object,S,258595001,1970-01-01,2099-12-31, 
4119601,Lone atrial fibrillation,Condition,SNOMED,Clinical Finding,S,233910005,1970-01-01,2099-12-31, 
4119602,Non-rheumatic atrial fibrillation,Condition,SNOMED,Clinical Finding,S,233911009,1970-01-01,2099-12-31, 
4120084,Sinoatrial node tachycardia,Condition,SNOMED,Clinical Finding,S,233891009,1970-01-01,2099-12-31, 
4121470,Familial atrial myoxoma,Condition,SNOMED,Clinical Finding,S,233855002,1970-01-01,2099-12-31, 
4121479,Ectopic atrial tachycardia,Condition,SNOMED,Clinical Finding,S,233892002,1970-01-01,2099-12-31, 
4124413,Ventriculoatrial shunt tip,Device,SNOMED,Physical Object,S,258639001,1970-01-01,2099-12-31, 
4124617,Vertical left atrial approach,Observation,SNOMED,Qualifier Value,S,260572007,1970-01-01,2099-12-31, 
4124689,Atrial myxoma,Condition,SNOMED,Clinical Finding,S,233854003,1970-01-01,2099-12-31, 
4124696,Re-entrant atrial tachycardia,Condition,SNOMED,Clinical Finding,S,233893007,1970-01-01,2099-12-31, 
4124697,Incessant atrial tachycardia,Condition,SNOMED,Clinical Finding,S,233894001,1970-01-01,2099-12-31, 
4124704,Postoperative sinoatrial disease,Condition,SNOMED,Clinical Finding,S,233914001,1970-01-01,2099-12-31, 
4125858,Open atrial septectomy,Procedure,SNOMED,Procedure,S,305928009,1970-01-01,2099-12-31, 
4126180,Posteromedial right atrial pathway,Spec Anatomic Site,SNOMED,Body Structure,S,261170003,1970-01-01,2099-12-31, 
4126658,Removal of ventriculoatrial shunt,Procedure,SNOMED,Procedure,S,304834009,1970-01-01,2099-12-31, 
4127813,Superior left atrial approach,Observation,SNOMED,Qualifier Value,S,260573002,1970-01-01,2099-12-31, 
4128428,Open atrial septostomy,Procedure,SNOMED,Procedure,S,304926002,1970-01-01,2099-12-31, 
4129302,Horizontal left atrial approach,Observation,SNOMED,Qualifier Value,S,260571000,1970-01-01,2099-12-31, 
4130265,Creation of right to left atrial tunnel with roofing patch,Procedure,SNOMED,Procedure,S,261515008,1970-01-01,2099-12-31, 
4130387,Insertion of interatrial baffle,Procedure,SNOMED,Procedure,S,261537001,1970-01-01,2099-12-31, 
4134660,Right atrial accessory pathway,Spec Anatomic Site,SNOMED,Body Structure,S,262103002,1970-01-01,2099-12-31, 
4137382,Chronic atrial flutter,Condition,SNOMED,Clinical Finding,S,425615007,1970-01-01,2099-12-31, 
4138605,Removal of atrial catheter,Procedure,SNOMED,Procedure,S,426305004,1970-01-01,2099-12-31, 
4139517,Transient cerebral ischemia due to atrial fibrillation,Condition,SNOMED,Clinical Finding,S,426814001,1970-01-01,2099-12-31, 
4140162,Atrial septectomy,Procedure,SNOMED,Procedure,S,426541003,1970-01-01,2099-12-31, 
4140440,Atrial switch and arterial switch,Procedure,SNOMED,Procedure,S,426902005,1970-01-01,2099-12-31, 
4140992,Insertion of permanent atrial pacemaker with transvenous electrodes,Procedure,SNOMED,Procedure,S,33331003,1970-01-01,2099-12-31, 
4141360,Chronic atrial fibrillation,Condition,SNOMED,Clinical Finding,S,426749004,1970-01-01,2099-12-31, 
4143993,Atrial catheter care,Procedure,SNOMED,Procedure,S,427614007,1970-01-01,2099-12-31, 
4144613,ECG: ectopic beats - premature atrial contraction,Condition,SNOMED,Clinical Finding,S,427212000,1970-01-01,2099-12-31, 
4144854,Atrial inversion operation,Procedure,SNOMED,Procedure,S,265467003,1970-01-01,2099-12-31, 
4146580,Paroxysmal atrial flutter,Condition,SNOMED,Clinical Finding,S,427665004,1970-01-01,2099-12-31, 
4146733,Repair of atrial septal defect with prosthesis by closed heart technique,Procedure,SNOMED,Procedure,S,30123000,1970-01-01,2099-12-31, 
4147581,Patching of coronary sinus atrial septal defect,Procedure,SNOMED,Procedure,S,310400003,1970-01-01,2099-12-31, 
4147709,Closure of atrial septal defect using patch,Procedure,SNOMED,Procedure,S,310443006,1970-01-01,2099-12-31, 
4148834,Closure of atrial septal defect using sutures,Procedure,SNOMED,Procedure,S,310442001,1970-01-01,2099-12-31, 
4149749,Structure of coronary sinus of left atrial septum,Spec Anatomic Site,SNOMED,Body Structure,S,31162003,1970-01-01,2099-12-31, 
4151906,Atrial septostomy by blade method,Procedure,SNOMED,Procedure,S,31415001,1970-01-01,2099-12-31, 
4152594,Atrial rupture,Condition,SNOMED,Clinical Finding,S,370477004,1970-01-01,2099-12-31, 
4154290,Paroxysmal atrial fibrillation,Condition,SNOMED,Clinical Finding,S,282825002,1970-01-01,2099-12-31, 
4154621,Transluminal balloon atrial septostomy,Procedure,SNOMED,Procedure,S,271411002,1970-01-01,2099-12-31, 
4160326,Left ventricular peak diastolic tissue velocity during atrial systole,Observation,SNOMED,Observable Entity,S,399007006,1970-01-01,2099-12-31, 
4164437,Creation of ventriculo-atrial shunt,Procedure,SNOMED,Procedure,S,4579008,1970-01-01,2099-12-31, 
4171261,Right atrial pressure,Measurement,SNOMED,Observable Entity,S,276755008,1970-01-01,2099-12-31, 
4171262,Left atrial pressure,Measurement,SNOMED,Observable Entity,S,276760007,1970-01-01,2099-12-31, 
4171263,Direct left atrial pressure,Measurement,SNOMED,Observable Entity,S,276762004,1970-01-01,2099-12-31, 
4171267,Right atrial pressure - v wave,Measurement,SNOMED,Observable Entity,S,276778002,1970-01-01,2099-12-31, 
4171269,Atrial tachycardia,Condition,SNOMED,Clinical Finding,S,276796006,1970-01-01,2099-12-31, 
4171887,Left atrial incisional tachycardia,Condition,SNOMED,Clinical Finding,S,420002000,1970-01-01,2099-12-31, 
4172430,Left atrial rhythm,Condition,SNOMED,Clinical Finding,S,49760004,1970-01-01,2099-12-31, 
4174438,Right atrial pressure - y trough,Measurement,SNOMED,Observable Entity,S,276779005,1970-01-01,2099-12-31, 
4174439,Direct left atrial pressure - x trough,Measurement,SNOMED,Observable Entity,S,276785003,1970-01-01,2099-12-31, 
4174690,Closed atrial septectomy,Procedure,SNOMED,Procedure,S,48268004,1970-01-01,2099-12-31, 
4174753,Mean right atrial pressure,Measurement,SNOMED,Observable Entity,S,276775004,1970-01-01,2099-12-31, 
4174754,Right atrial pressure - a wave,Measurement,SNOMED,Observable Entity,S,276776003,1970-01-01,2099-12-31, 
4174757,Direct left atrial pressure - a wave,Measurement,SNOMED,Observable Entity,S,276784004,1970-01-01,2099-12-31, 
4174758,Direct left atrial pressure - v wave,Measurement,SNOMED,Observable Entity,S,276786002,1970-01-01,2099-12-31, 
4176112,Multifocal atrial tachycardia,Condition,SNOMED,Clinical Finding,S,49982000,1970-01-01,2099-12-31, 
4179395,Transseptal catheterization of left side of heart by atrial puncture,Procedure,SNOMED,Procedure,S,429267006,2008-01-31,2099-12-31, 
4179421,Entire interatrial septum,Spec Anatomic Site,SNOMED,Body Structure,S,362016003,1970-01-01,2099-12-31, 
4180108,History of maze procedure for atrial fibrillation,Observation,SNOMED,Context-dependent,S,429218009,2008-01-31,2099-12-31, 
4180615,Percutaneous transluminal closure of defect of interatrial septum using prosthesis,Procedure,SNOMED,Procedure,S,429761006,2008-01-31,2099-12-31, 
4181800,Maze procedure for atrial fibrillation,Procedure,SNOMED,Procedure,S,429211003,2008-01-31,2099-12-31, 
4187518,Atrial dyskinesia,Condition,SNOMED,Clinical Finding,S,47333004,1970-01-01,2099-12-31, 
4190306,Paroxysmal atrial tachycardia with block,Condition,SNOMED,Clinical Finding,S,39357005,1970-01-01,2099-12-31, 
4193786,Atrial volume mechanoreceptor reflex,Observation,SNOMED,Observable Entity,S,79324001,1970-01-01,2099-12-31, 
4194288,H/O: atrial fibrillation,Observation,SNOMED,Context-dependent,S,312442005,1970-01-01,2099-12-31, 
4195096,Closed atrial septostomy,Procedure,SNOMED,Procedure,S,68287001,1970-01-01,2099-12-31, 
4197113,Atrial natriuretic factor (ANF) measurement,Measurement,SNOMED,Procedure,S,51270009,1970-01-01,2099-12-31, 
4197338,Natrialba chahannaoensis,Observation,SNOMED,Organism,S,433433002,2009-01-31,2099-12-31, 
4197339,Natrialba magadii,Observation,SNOMED,Organism,S,433435009,2009-01-31,2099-12-31, 
4199501,Rapid atrial fibrillation,Condition,SNOMED,Clinical Finding,S,314208002,1970-01-01,2099-12-31, 
4200317,Natrialba hulunbeirensis,Observation,SNOMED,Organism,S,433434008,2009-01-31,2099-12-31, 
4200318,Natrialba taiwanensis,Observation,SNOMED,Organism,S,433436005,2009-01-31,2099-12-31, 
4203375,Family history of atrial fibrillation,Observation,SNOMED,Context-dependent,S,433276002,2009-01-31,2099-12-31, 
4203378,Natrialba asiatica,Observation,SNOMED,Organism,S,433288000,2009-01-31,2099-12-31, 
4203829,Direct current atrial defibrillation,Procedure,SNOMED,Procedure,S,438558008,2009-01-31,2099-12-31, 
4204024,Primitive atrial septal structure,Spec Anatomic Site,SNOMED,Body Structure,S,308847007,1970-01-01,2099-12-31, 
4208649,Left atrial approach,Observation,SNOMED,Qualifier Value,S,312026008,1970-01-01,2099-12-31, 
4208650,Transatrial approach,Observation,SNOMED,Qualifier Value,S,312027004,1970-01-01,2099-12-31, 
4208803,Operation on the atrial septum,Procedure,SNOMED,Procedure,S,312332007,1970-01-01,2099-12-31, 
4215602,Repair of heart atrial septum in total repair of truncus arteriosus,Procedure,SNOMED,Procedure,S,80636000,1970-01-01,2099-12-31, 
4216321,Isolated atrial amyloid,Condition,SNOMED,Clinical Finding,S,39502009,1970-01-01,2099-12-31, 
4218070,Normal atrial rhythm,Condition,SNOMED,Clinical Finding,S,81437007,1970-01-01,2099-12-31, 
4219995,Left ventricular-right atrial communication,Condition,SNOMED,Clinical Finding,S,41893002,1970-01-01,2099-12-31, 
4220705,Left atrial structure,Spec Anatomic Site,SNOMED,Body Structure,S,82471001,1970-01-01,2099-12-31, 
4221281,Atrial dilatation,Condition,SNOMED,Clinical Finding,S,82608003,1970-01-01,2099-12-31, 
4221982,Interatrial transposition of venous return,Procedure,SNOMED,Procedure,S,40250003,1970-01-01,2099-12-31, 
4222516,Ventriculoatrial anastomosis with valve,Procedure,SNOMED,Procedure,S,342960005,1970-01-01,2099-12-31, 
4225249,Structure of sinoatrial node branch of right coronary artery,Spec Anatomic Site,SNOMED,Body Structure,S,8482007,1970-01-01,2099-12-31, 
4229749,Pericarditis associated with atrial septal defect,Condition,SNOMED,Clinical Finding,S,89222008,1970-01-01,2099-12-31, 
4232658,Interatrial baffle,Device,SNOMED,Physical Object,S,360045009,1970-01-01,2099-12-31, 
4232691,Permanent atrial fibrillation,Condition,SNOMED,Clinical Finding,S,440028005,2009-01-31,2099-12-31, 
4232697,Persistent atrial fibrillation,Condition,SNOMED,Clinical Finding,S,440059007,2009-01-31,2099-12-31, 
4235899,Intra-atrial recording,Procedure,SNOMED,Procedure,S,90728002,1970-01-01,2099-12-31, 
4236004,Ectopic atrial beats,Condition,SNOMED,Clinical Finding,S,406461004,1970-01-01,2099-12-31, 
4236884,Congenital atrial septal defect,Condition,SNOMED,Clinical Finding,S,405752007,1970-01-01,2099-12-31, 
4241346,Interatrial septum structure,Spec Anatomic Site,SNOMED,Body Structure,S,58095006,1970-01-01,2099-12-31, 
4242112,Atrial structure,Spec Anatomic Site,SNOMED,Body Structure,S,59652004,1970-01-01,2099-12-31, 
4245618,"Atrial septal defect with endocardial cushion defect, partial type",Condition,SNOMED,Clinical Finding,S,60732002,1970-01-01,2099-12-31, 
4246414,Atrial systole,Observation,SNOMED,Observable Entity,S,59972007,1970-01-01,2099-12-31, 
4250014,Right atrial structure,Spec Anatomic Site,SNOMED,Body Structure,S,73829009,1970-01-01,2099-12-31, 
4250607,Replacement of transvenous atrial and ventricular pacemaker electrode leads,Procedure,SNOMED,Procedure,S,4090005,1970-01-01,2099-12-31, 
4266393,Atrial septectomy by blade method,Procedure,SNOMED,Procedure,S,61522002,1970-01-01,2099-12-31, 
4273462,Atrial aneurysm,Condition,SNOMED,Clinical Finding,S,36665001,1970-01-01,2099-12-31, 
4274333,Atrial rhythm from artificial pacing,Condition,SNOMED,Clinical Finding,S,63749008,1970-01-01,2099-12-31, 
4277903,Sinoatrial block,Condition,SNOMED,Clinical Finding,S,65778007,1970-01-01,2099-12-31, 
4287115,Intra-atrial pacing,Procedure,SNOMED,Procedure,S,69158002,1970-01-01,2099-12-31, 
4289309,Atrial septal defect,Condition,SNOMED,Clinical Finding,S,70142008,1970-01-01,2099-12-31, 
4300288,Right atrial hypertrophy by electrocardiogram,Condition,SNOMED,Clinical Finding,S,77566008,1970-01-01,2099-12-31, 
4302303,Enlargement of pre-existing atrial septal defect,Procedure,SNOMED,Procedure,S,7824000,1970-01-01,2099-12-31, 
4302802,Right atrial incisional tachycardia,Condition,SNOMED,Clinical Finding,S,418493005,1970-01-01,2099-12-31, 
4303256,Sinoatrial nodal reentrant tachycardia,Condition,SNOMED,Clinical Finding,S,419752005,1970-01-01,2099-12-31, 
4305516,Atrial hypertrophy by EKG,Condition,SNOMED,Clinical Finding,S,82281000,1970-01-01,2099-12-31, 
4316879,Sinus venosus atrial septal defect,Condition,SNOMED,Clinical Finding,S,95268002,1970-01-01,2099-12-31, 
4317287,Atrial septal aneurysm,Condition,SNOMED,Clinical Finding,S,95440004,1970-01-01,2099-12-31, 
4321750,Right atrial to left ventricular shunt,Condition,SNOMED,Clinical Finding,S,9828009,1970-01-01,2099-12-31, 
4322710,Total cavopulmonary connection with lateral atrial tunnel,Procedure,SNOMED,Procedure,S,427886002,2008-01-31,2099-12-31, 
4323077,History of atrial flutter,Observation,SNOMED,Context-dependent,S,428076002,2008-01-31,2099-12-31, 
4323765,History of repair of atrial septal defect,Observation,SNOMED,Context-dependent,S,429278003,2008-01-31,2099-12-31, 
4323818,Entire atrial vein,Spec Anatomic Site,SNOMED,Body Structure,S,71556009,1970-01-01,2099-12-31, 
4324480,Natrialba,Observation,SNOMED,Organism,S,430015000,2009-01-31,2099-12-31, 
4332245,Closure of atrial septal defect using fluoroscopic guidance,Procedure,SNOMED,Procedure,S,432114008,2009-01-31,2099-12-31, 
4336057,Natrialba aegyptia,Observation,SNOMED,Organism,S,433287005,2009-01-31,2099-12-31, 
4336764,Atrial operation,Procedure,SNOMED,Procedure,S,233009003,1970-01-01,2099-12-31, 
4336765,Excision of right atrial lesion,Procedure,SNOMED,Procedure,S,233011007,1970-01-01,2099-12-31, 
4336766,Excision of right atrial vegetations,Procedure,SNOMED,Procedure,S,233014004,1970-01-01,2099-12-31, 
4336767,Removal of right atrial thrombus,Procedure,SNOMED,Procedure,S,233015003,1970-01-01,2099-12-31, 
4336768,Plication of right atrial wall,Procedure,SNOMED,Procedure,S,233018001,1970-01-01,2099-12-31, 
4336887,Left atrial operation,Procedure,SNOMED,Procedure,S,233024007,1970-01-01,2099-12-31, 
4336888,Removal of left atrial thrombus,Procedure,SNOMED,Procedure,S,233028005,1970-01-01,2099-12-31, 
4336890,Plication of left atrial wall,Procedure,SNOMED,Procedure,S,233031006,1970-01-01,2099-12-31, 
4336891,Operation to open an interatrial communication,Procedure,SNOMED,Procedure,S,233038000,1970-01-01,2099-12-31, 
4336893,Atrial septostomy operation,Procedure,SNOMED,Procedure,S,233043007,1970-01-01,2099-12-31, 
4337317,Closure of coronary sinus atrial septal defect,Procedure,SNOMED,Procedure,S,233007001,1970-01-01,2099-12-31, 
4337318,Right atrial operation,Procedure,SNOMED,Procedure,S,233010008,1970-01-01,2099-12-31, 
4337437,Excision of left atrial myxoma,Procedure,SNOMED,Procedure,S,233026009,1970-01-01,2099-12-31, 
4337438,Excision of left atrial vegetations,Procedure,SNOMED,Procedure,S,233027000,1970-01-01,2099-12-31, 
4337439,Direct insertion of left atrial catheter,Procedure,SNOMED,Procedure,S,233035002,1970-01-01,2099-12-31, 
4337440,Operation to close an interatrial communication,Procedure,SNOMED,Procedure,S,233037005,1970-01-01,2099-12-31, 
4337441,Atrial fenestration operation,Procedure,SNOMED,Procedure,S,233040005,1970-01-01,2099-12-31, 
4337442,Static balloon atrial septostomy,Procedure,SNOMED,Procedure,S,233045000,1970-01-01,2099-12-31, 
4337811,Left atrial hypertrophy by EKG,Condition,SNOMED,Clinical Finding,S,87469009,1970-01-01,2099-12-31, 
4338609,Direct insertion of right atrial catheter,Procedure,SNOMED,Procedure,S,233023001,1970-01-01,2099-12-31, 
4338610,Excision of left atrial lesion,Procedure,SNOMED,Procedure,S,233025008,1970-01-01,2099-12-31, 
4338611,Plication of left atrial appendage,Procedure,SNOMED,Procedure,S,233032004,1970-01-01,2099-12-31, 
4338613,Balloon atrial septostomy by pull-back,Procedure,SNOMED,Procedure,S,233044001,1970-01-01,2099-12-31, 
4338614,Construction of adjustable interatrial communication,Procedure,SNOMED,Procedure,S,233046004,1970-01-01,2099-12-31, 
4339406,Structure of sinoatrial node,Spec Anatomic Site,SNOMED,Body Structure,S,88210001,1970-01-01,2099-12-31, 
4339961,Excision of right atrial myxoma,Procedure,SNOMED,Procedure,S,233013005,1970-01-01,2099-12-31, 
4339965,Atrial septation operation,Procedure,SNOMED,Procedure,S,233036001,1970-01-01,2099-12-31, 
4339966,Open atrial fenestration,Procedure,SNOMED,Procedure,S,233041009,1970-01-01,2099-12-31, 
4339967,Closed atrial fenestration,Procedure,SNOMED,Procedure,S,233042002,1970-01-01,2099-12-31, 
4351734,"Formation of pericardial baffle, interatrial",Procedure,SNOMED,Procedure,S,244608001,1970-01-01,2099-12-31, 
4353842,Atrial pressure,Measurement,SNOMED,Observable Entity,S,251068006,1970-01-01,2099-12-31, 
21490678,Left atrial pressure,Measurement,LOINC,Clinical Observation,S,60988-3,2016-06-24,2099-12-31, 
21490679,Left atrial pressure Systolic,Measurement,LOINC,Clinical Observation,S,60989-1,2016-06-24,2099-12-31, 
21490680,Right atrial pressure,Measurement,LOINC,Clinical Observation,S,60996-6,2016-06-24,2099-12-31, 
21490681,Right atrial pressure Diastolic,Measurement,LOINC,Clinical Observation,S,60997-4,2016-06-24,2099-12-31, 
21490682,Right atrial pressure Systolic,Measurement,LOINC,Clinical Observation,S,60998-2,2016-06-24,2099-12-31, 
21490726,Left atrial pressure Diastolic,Measurement,LOINC,Clinical Observation,S,75933-2,2016-06-24,2099-12-31, 
21494010,Left atrial Area at end systole by US.2D.A2C+Measured by planimetry,Measurement,LOINC,Clinical Observation,S,79973-4,2016-06-24,2099-12-31, 
21494011,Left atrial Area at end systole by US.2D.A4C+Measured by planimetry,Measurement,LOINC,Clinical Observation,S,79974-2,2016-06-24,2099-12-31, 
21494012,Left atrial Minor axis at end systole [Length] by US 2D,Measurement,LOINC,Clinical Observation,S,79975-9,2016-06-24,2099-12-31, 
21494013,Left atrial Minor axis at end systole (by US 2D)/Body surface area,Measurement,LOINC,Clinical Observation,S,79976-7,2016-06-24,2099-12-31, 
21494014,Left atrial Minor axis at end systole [Length] by US.M-mode,Measurement,LOINC,Clinical Observation,S,79977-5,2016-06-24,2099-12-31, 
21494015,Left atrial Minor axis at end systole (by US.M-mode)/Body surface area,Measurement,LOINC,Clinical Observation,S,79978-3,2016-06-24,2099-12-31, 
21494016,Left atrial Length at end systole by US.2D.A2C,Measurement,LOINC,Clinical Observation,S,79979-1,2016-06-24,2099-12-31, 
21494017,Left atrial Length at end systole by US.2D.A4C,Measurement,LOINC,Clinical Observation,S,79980-9,2016-06-24,2099-12-31, 
21494018,Left atrial End-systolic volume by US.2D+Calculated by biplane area-length method,Measurement,LOINC,Clinical Observation,S,79981-7,2016-06-24,2099-12-31, 
21494019,Left atrial End-systolic volume (by US.2D+Calculated by biplane area-length method)/Body surface area,Measurement,LOINC,Clinical Observation,S,79982-5,2016-06-24,2099-12-31, 
21494020,Left atrial End-systolic volume by US.2D+Calculated by biplane method of disks,Measurement,LOINC,Clinical Observation,S,79983-3,2016-06-24,2099-12-31, 
21494021,Left atrial End-systolic volume (by US.2D+Calculated by biplane method of disks)/Body surface area,Measurement,LOINC,Clinical Observation,S,79984-1,2016-06-24,2099-12-31, 
21494022,Left atrial End-systolic volume by US.2D.A2C+Calculated by single plane method of disks,Measurement,LOINC,Clinical Observation,S,79985-8,2016-06-24,2099-12-31, 
21494023,Left atrial End-systolic volume by US.2D.A4C+Calculated by single plane method of disks,Measurement,LOINC,Clinical Observation,S,79986-6,2016-06-24,2099-12-31, 
21494319,Right atrial Area at end systole by US.2D.A4C+Measured by planimetry,Measurement,LOINC,Clinical Observation,S,80075-5,2016-06-24,2099-12-31, 
21494320,Right atrial Major axis at end systole [Length] by US.2D.A4C,Measurement,LOINC,Clinical Observation,S,80076-3,2016-06-24,2099-12-31, 
21494321,Right atrial Minor axis at end systole [Length] by US.2D.A4C,Measurement,LOINC,Clinical Observation,S,80077-1,2016-06-24,2099-12-31, 
21494322,Right atrial Minor axis at end systole (by US.2D.A4C)/Body surface area,Measurement,LOINC,Clinical Observation,S,80078-9,2016-06-24,2099-12-31, 
36712986,Atypical atrial flutter,Condition,SNOMED,Clinical Finding,S,15964901000119107,2017-01-31,2099-12-31, 
36713962,At risk of atrial fibrillation,Condition,SNOMED,Clinical Finding,S,719008003,2017-01-31,2099-12-31, 
36714994,Typical atrial flutter,Condition,SNOMED,Clinical Finding,S,720448006,2017-01-31,2099-12-31, 
36715042,Chronic atrial and intestinal dysrhythmia,Condition,SNOMED,Clinical Finding,S,720507006,2017-01-31,2099-12-31, 
36716113,"Lymphedema, atrial septal defect, facial changes syndrome",Condition,SNOMED,Clinical Finding,S,721978002,2017-01-31,2099-12-31, 
36716866,Acquired atrial septal defect,Condition,SNOMED,Clinical Finding,S,723089002,2017-01-31,2099-12-31, 
36717692,At high risk of atrial fibrillation,Condition,SNOMED,Clinical Finding,S,719077007,2017-01-31,2099-12-31, 
37017190,EKG: atrial tachycardia,Condition,SNOMED,Clinical Finding,S,713422000,2016-01-31,2099-12-31, 
37017191,EKG: multifocal atrial tachycardia,Condition,SNOMED,Clinical Finding,S,713423005,2016-01-31,2099-12-31, 
37018137,Peritoneal/atrial cerebrospinal fluid catheter,Device,SNOMED,Physical Object,S,714556000,2016-01-31,2099-12-31, 
37019050,EKG: focal atrial tachycardia,Condition,SNOMED,Clinical Finding,S,713424004,2016-01-31,2099-12-31, 
37110775,"Atrial septal defect, atrioventricular conduction defect syndrome",Condition,SNOMED,Clinical Finding,S,725145002,2017-07-31,2099-12-31, 
37113210,Entire interatrial bundle of interatrial preferential pathway,Spec Anatomic Site,SNOMED,Body Structure,S,728803003,2017-07-31,2099-12-31, 
37113663,Entire atrial plexus,Spec Anatomic Site,SNOMED,Body Structure,S,729411007,2017-07-31,2099-12-31, 
37115646,Entire primitive atrial septal structure,Spec Anatomic Site,SNOMED,Body Structure,S,732075008,2017-07-31,2099-12-31, 
37116694,Direct left atrial pressure monitoring,Observation,SNOMED,Procedure,S,733503001,2017-07-31,2099-12-31, 
37117438,Entire anterior interatrial preferential pathway,Spec Anatomic Site,SNOMED,Body Structure,S,728802008,2017-07-31,2099-12-31, 
37118787,Entire preferential interatrial pathway,Spec Anatomic Site,SNOMED,Body Structure,S,728766001,2017-07-31,2099-12-31, 
37118789,Entire interatrial groove,Spec Anatomic Site,SNOMED,Body Structure,S,728775004,2017-07-31,2099-12-31, 
37394031,High risk of atrial fibrillation,Condition,SNOMED,Clinical Finding,S,1025021000000107,2016-07-31,2099-12-31, 
37395821,Familial atrial fibrillation,Condition,SNOMED,Clinical Finding,S,715395008,2016-07-31,2099-12-31, 
37395937,Idiopathic neonatal atrial flutter,Condition,SNOMED,Clinical Finding,S,715560009,2016-07-31,2099-12-31, 
40479326,Repair of total anomalous pulmonary venous connection to right atrium by atrial septum translocation,Procedure,SNOMED,Procedure,S,444354004,2010-01-31,2099-12-31, 
40480172,Repair of partial anomalous pulmonary venous connection by unroofing of coronary sinus with patch closure of interatrial communication,Procedure,SNOMED,Procedure,S,443176005,2010-01-31,2099-12-31, 
40480989,Repair of total anomalous pulmonary venous connection by interatrial baffle,Procedure,SNOMED,Procedure,S,443296008,2010-01-31,2099-12-31, 
40481027,Repair of total anomalous pulmonary venous connection by coronary sinus cutback to oval fossa with insertion of interatrial baffle,Procedure,SNOMED,Procedure,S,443330001,2010-01-31,2099-12-31, 
40481068,Repair of partial anomalous pulmonary venous connection by baffle redirection to left atrium with superior caval vein anastomosis to right atrial appendage,Procedure,SNOMED,Procedure,S,444798002,2010-07-31,2099-12-31, 
40481446,Repair of total anomalous pulmonary venous connection by insertion of interatrial baffle with reconnection of superior caval vein to right atrial appendage,Procedure,SNOMED,Procedure,S,443391000,2010-01-31,2099-12-31, 
40482392,Repair of partial anomalous pulmonary venous connection by insertion of interatrial baffle to left atrium,Procedure,SNOMED,Procedure,S,443627000,2010-01-31,2099-12-31, 
40482815,Repair of partial anomalous pulmonary venous connection by direct anomalous vein anastomosis to left atrial appendage,Procedure,SNOMED,Procedure,S,443706000,2010-01-31,2099-12-31, 
40483333,Repair of partial anomalous pulmonary venous connection by baffle redirection to left atrium with attachment of systemic vein to atrial appendage,Procedure,SNOMED,Procedure,S,445370005,2010-07-31,2099-12-31, 
40483557,Closure of atrial septal defect using septal occluder device,Procedure,SNOMED,Procedure,S,442456000,2009-07-31,2099-12-31, 
40483706,Atrial fistulogram with venous access,Procedure,SNOMED,Procedure,S,443885008,2010-01-31,2099-12-31, 
40485434,Repair of total anomalous pulmonary venous connection by unroofing and closure of coronary sinus and interatrial communication,Procedure,SNOMED,Procedure,S,444176000,2010-01-31,2099-12-31, 
40486037,Interatrial communication through coronary sinus orifice,Condition,SNOMED,Clinical Finding,S,447665008,2011-07-31,2099-12-31, 
40486063,Prolapse of Eustachian valve through atrial septum,Condition,SNOMED,Clinical Finding,S,447689001,2011-07-31,2099-12-31, 
40486560,Restrictive interatrial communication with obligatory shunt,Condition,SNOMED,Clinical Finding,S,447780005,2011-07-31,2099-12-31, 
40486703,Residual interatrial communication,Condition,SNOMED,Clinical Finding,S,449351005,2011-07-31,2099-12-31, 
40487037,Congenital abnormality of atrial septum,Condition,SNOMED,Clinical Finding,S,447874007,2011-07-31,2099-12-31, 
40487103,Nonfenestrated interatrial communication within oval fossa,Condition,SNOMED,Clinical Finding,S,447933008,2011-07-31,2099-12-31, 
40487418,Right atrial hypertrophy,Condition,SNOMED,Clinical Finding,S,446358003,2011-01-31,2099-12-31, 
40487549,Atrial septum intact,Condition,SNOMED,Clinical Finding,S,448006009,2011-07-31,2099-12-31, 
40487587,Malattachment of atrial septum,Condition,SNOMED,Clinical Finding,S,449479003,2011-07-31,2099-12-31, 
40487981,Uniatrial biventricular connection with absent right sided atrioventricular connection with straddling valve,Condition,SNOMED,Clinical Finding,S,448075009,2011-07-31,2099-12-31, 
40488071,Malattachment of atrial septum with posterior aspect of septum primum to left,Condition,SNOMED,Clinical Finding,S,449599006,2011-07-31,2099-12-31, 
40488072,Malattachment of atrial septum with superior aspect of septum primum to left and posterior,Condition,SNOMED,Clinical Finding,S,449600009,2011-07-31,2099-12-31, 
40488396,Atrioventricular septal defect with atrial and ventricular components and separate atrioventricular valves,Condition,SNOMED,Clinical Finding,S,448118003,2011-07-31,2099-12-31, 
40488891,Nonrestrictive interatrial communication,Condition,SNOMED,Clinical Finding,S,448208003,2011-07-31,2099-12-31, 
40489452,Normal atrial arrangement,Condition,SNOMED,Clinical Finding,S,448358007,2011-07-31,2099-12-31, 
40489802,Left atrial hypertrophy,Condition,SNOMED,Clinical Finding,S,446813000,2011-01-31,2099-12-31, 
40489904,Restrictive interatrial communication,Condition,SNOMED,Clinical Finding,S,448414008,2011-07-31,2099-12-31, 
40490482,Fenestrated interatrial communication within oval fossa,Condition,SNOMED,Clinical Finding,S,448575000,2011-07-31,2099-12-31, 
40490945,Uniatrial biventricular connection with absent left sided atrioventricular connection with straddling valve,Condition,SNOMED,Clinical Finding,S,448624005,2011-07-31,2099-12-31, 
40491008,Indeterminate atrial arrangement,Condition,SNOMED,Clinical Finding,S,448681000,2011-07-31,2099-12-31, 
40491009,Thickened atrial septum,Condition,SNOMED,Clinical Finding,S,448682007,2011-07-31,2099-12-31, 
40491931,Obstructed pulmonary venous connection at interatrial communication,Condition,SNOMED,Clinical Finding,S,447318008,2011-01-31,2099-12-31, 
40491962,Spontaneous closure of atrial component of atrioventricular septal defect,Condition,SNOMED,Clinical Finding,S,448814004,2011-07-31,2099-12-31, 
40493209,Abnormal atrial arrangement,Condition,SNOMED,Clinical Finding,S,445898001,2011-01-31,2099-12-31, 
40493497,Ebstein's anomaly of tricuspid valve with atrialization of right ventricular chamber,Condition,SNOMED,Clinical Finding,S,449158005,2011-07-31,2099-12-31, 
40757907,Atrial fibrillation and other dysrhythmias in last 7 days [MDSv3],Observation,LOINC,Survey,S,54776-0,1970-01-01,2099-12-31, 
40761369,Ever told you have or had atrial fibrillation,Measurement,LOINC,Clinical Observation,S,58268-4,2010-01-06,2099-12-31, 
40761370,Date of first episode of atrial fibrillation,Measurement,LOINC,Clinical Observation,S,58269-2,2010-01-06,2099-12-31, 
40761371,Emergency room visit or hospitalized or saw doctor for atrial fibrillation,Measurement,LOINC,Clinical Observation,S,58270-0,2010-01-06,2099-12-31, 
40761374,Taking any anticoagulants for treatment of atrial fibrillation,Measurement,LOINC,Clinical Observation,S,58273-4,2010-01-06,2099-12-31, 
40761375,Taking any antiarrhythmics for treatment of atrial fibrillation,Measurement,LOINC,Clinical Observation,S,58274-2,2010-01-06,2099-12-31, 
40762172,Pulmonary vein Peak reversal velocity by US --during atrial contraction,Measurement,LOINC,Clinical Observation,S,59079-4,2010-03-11,2099-12-31, 
40768542,Atrial fibrillation 10Y risk [#] Framingham.Schnabel 2009,Measurement,LOINC,Clinical Observation,S,65856-7,2011-05-12,2099-12-31, 
40768550,Stroke after atrial fibrillation 5Y risk [#] Framingham.Wang 2003,Measurement,LOINC,Clinical Observation,S,65864-1,2011-05-12,2099-12-31, 
40768551,Stroke or death after atrial fibrillation 5Y risk [#] Framingham.Wang 2003,Measurement,LOINC,Clinical Observation,S,65865-8,2011-05-12,2099-12-31, 
42529422,Right atrial Intrachamber pressure estimated by US,Measurement,LOINC,Clinical Observation,S,82337-7,2017-02-21,2099-12-31, 
42689660,Assessment of atrial fibrillation using oscillometric blood pressure monitor,Procedure,SNOMED,Procedure,S,1066791000000106,2017-04-01,2099-12-31, 
42689664,Atrial fibrillation detected,Condition,SNOMED,Clinical Finding,S,1066831000000104,2017-04-01,2099-12-31, 
42689685,Atrial fibrillation not detected,Observation,SNOMED,Context-dependent,S,1067061000000104,2017-04-01,2099-12-31, 
42690505,Fluoroscopy guided insertion of cerebral ventriculoatrial shunt,Procedure,SNOMED,Procedure,S,1077311000000109,2017-04-01,2099-12-31, 
42709991,Insertion of pacemaker for control of atrial fibrillation,Procedure,SNOMED,Procedure,S,449863006,2012-01-31,2099-12-31, 
42872924,Atrial standstill,Condition,SNOMED,Clinical Finding,S,450919004,2012-07-31,2099-12-31, 
43020560,Surgically constructed interatrial communication,Condition,SNOMED,Clinical Finding,S,471275004,2013-01-31,2099-12-31, 
43020562,Recurrent interatrial communication after prior cardiovascular surgical procedure,Condition,SNOMED,Clinical Finding,S,471278002,2013-01-31,2099-12-31, 
43020563,Recurrent atrial component of atrioventricular septal defect after prior cardiovascular surgical procedure,Condition,SNOMED,Clinical Finding,S,471279005,2013-01-31,2099-12-31, 
43020582,Acquired excessive restriction of interatrial communication,Condition,SNOMED,Clinical Finding,S,471301006,2013-01-31,2099-12-31, 
43020888,Obstruction of pulmonary great vein due to compression by right atrial dilatation,Condition,SNOMED,Clinical Finding,S,472768001,2013-01-31,2099-12-31, 
43020889,Excessive restriction of interatrial communication as complication of procedure,Condition,SNOMED,Clinical Finding,S,472769009,2013-01-31,2099-12-31, 
43020892,Fetal right atrial dilatation,Condition,SNOMED,Clinical Finding,S,472772002,2013-01-31,2099-12-31, 
43020925,Obstruction of right atrial tunnel after prior total cavopulmonary connection procedure,Condition,SNOMED,Clinical Finding,S,472805006,2013-01-31,2099-12-31, 
43020933,Spontaneous closure of surgically created fenestration of interatrial septum after prior atrial fenestration operation,Condition,SNOMED,Clinical Finding,S,472813007,2013-01-31,2099-12-31, 
43021060,Infective endocarditis at site of interatrial communication,Condition,SNOMED,Clinical Finding,S,459174005,2013-01-31,2099-12-31, 
43021062,Abscess at site of interatrial communication,Condition,SNOMED,Clinical Finding,S,459177003,2013-01-31,2099-12-31, 
43021068,Spontaneous closure of acquired interatrial communication,Condition,SNOMED,Clinical Finding,S,459185007,2013-01-31,2099-12-31, 
43021069,Spontaneous closure of residual interatrial communication,Condition,SNOMED,Clinical Finding,S,459186008,2013-01-31,2099-12-31, 
43021297,Infective endocarditis at site of patch of interatrial communication,Condition,SNOMED,Clinical Finding,S,460490009,2013-01-31,2099-12-31, 
43021300,Obstruction of right atrial conduit after prior total cavopulmonary connection procedure,Condition,SNOMED,Clinical Finding,S,460505006,2013-01-31,2099-12-31, 
43021460,Spontaneous closure of residual atrial septal defect within oval fossa,Condition,SNOMED,Clinical Finding,S,461092004,2013-01-31,2099-12-31, 
43021480,Acquired interatrial communication,Condition,SNOMED,Clinical Finding,S,461312005,2013-01-31,2099-12-31, 
43021733,Fetal supraventricular tachycardia with long ventriculoatrial interval,Condition,SNOMED,Clinical Finding,S,462170003,2013-01-31,2099-12-31, 
43021828,Right atrial enlargement,Condition,SNOMED,Clinical Finding,S,67751000119106,2013-01-31,2099-12-31, 
43021938,Spontaneous closure of surgically created fenestration of atrial tunnel after prior atrial fenestration operation,Condition,SNOMED,Clinical Finding,S,472814001,2013-01-31,2099-12-31, 
43021997,Lipomatous hypertrophy of interatrial groove,Condition,SNOMED,Clinical Finding,S,460621005,2013-01-31,2099-12-31, 
43022053,Fetal supraventricular tachycardia with short ventriculoatrial interval,Condition,SNOMED,Clinical Finding,S,462169004,2013-01-31,2099-12-31, 
43022066,Left atrial enlargement,Condition,SNOMED,Clinical Finding,S,67741000119109,2013-01-31,2099-12-31, 
44782442,Atrial fibrillation with rapid ventricular response,Condition,SNOMED,Clinical Finding,S,120041000119109,2014-01-31,2099-12-31, 
44782694,History of paroxysmal atrial tachycardia,Observation,SNOMED,Context-dependent,S,131461000119105,2014-01-31,2099-12-31, 
44782798,History of interatrial transposition of venous return operation,Observation,SNOMED,Context-dependent,S,61611000119105,2014-01-31,2099-12-31, 
44783044,Repair of atrioventricular septal defect with atrial and ventricular components,Procedure,SNOMED,Procedure,S,699078008,2014-01-31,2099-12-31, 
44783731,Provision of written information about atrial fibrillation,Procedure,SNOMED,Procedure,S,699833006,2014-01-31,2099-12-31, 
44784438,History of closure of atrial septal defect using septal occluder device,Observation,SNOMED,Context-dependent,S,698590007,2014-01-31,2099-12-31, 
44788803,Atrial fibrillation resolved,Condition,SNOMED,Clinical Finding,S,196371000000102,2014-04-01,2099-12-31, 
44789858,Conversion of atrial pulmonary anastomosis to total pulmonary connection,Procedure,SNOMED,Procedure,S,224161000000105,2014-04-01,2099-12-31, 
44789913,Percutaneous transluminal atrial septum fenestration,Procedure,SNOMED,Procedure,S,224321000000104,2014-04-01,2099-12-31, 
44790436,Percutaneous transluminal atrial septum fenestration closure with prosthesis,Procedure,SNOMED,Procedure,S,233831000000107,2014-04-01,2099-12-31, 
44790918,Atrial fibrillation annual review,Observation,SNOMED,Procedure,S,248411000000105,2014-04-01,2099-12-31, 
44803309,Malaligned atrial septum with flap valve to muscular rim of oval fossa,Condition,SNOMED,Clinical Finding,S,727071000000103,2014-04-01,2099-12-31, 
44803452,Non-fenestrated atrial septal defect within oval fossa,Condition,SNOMED,Clinical Finding,S,728461000000101,2014-04-01,2099-12-31, 
44803453,Fenestrated atrial septal defect within oval fossa,Condition,SNOMED,Clinical Finding,S,728471000000108,2014-04-01,2099-12-31, 
44803454,Non-restrictive interatrial communication septal defect,Condition,SNOMED,Clinical Finding,S,728481000000105,2014-04-01,2099-12-31, 
44803455,Restrictive interatrial communication septal defect,Condition,SNOMED,Clinical Finding,S,728491000000107,2014-04-01,2099-12-31, 
44803652,Excepted from atrial fibrillation quality indicators - patient unsuitable,Observation,SNOMED,Clinical Finding,S,715941000000109,2014-04-01,2099-12-31, 
44803702,Atrial fibrillation monitoring third letter,Observation,SNOMED,Procedure,S,716181000000109,2014-04-01,2099-12-31, 
44803786,Atrial fibrillation monitoring telephone invitation,Observation,SNOMED,Procedure,S,716721000000107,2014-04-01,2099-12-31, 
44803800,Exception reporting - atrial fibrillation quality indicators,Observation,SNOMED,Clinical Finding,S,716871000000101,2014-04-01,2099-12-31, 
44803842,Atrial fibrillation monitoring second letter,Observation,SNOMED,Procedure,S,716981000000106,2014-04-01,2099-12-31, 
44803845,Atrial fibrillation monitoring verbal invitation,Observation,SNOMED,Procedure,S,717011000000100,2014-04-01,2099-12-31, 
44803863,Atrial fibrillation monitoring first letter,Observation,SNOMED,Procedure,S,717221000000101,2014-04-01,2099-12-31, 
44803909,Excepted from atrial fibrillation quality indicators - informed dissent,Observation,SNOMED,Clinical Finding,S,717381000000109,2014-04-01,2099-12-31, 
44804336,Atrial fibrillation monitoring invitation,Observation,SNOMED,Procedure,S,711411000000101,2014-04-01,2099-12-31, 
44804850,Obstruction of left ventricular inflow tract due to leftward displacement of interatrial septum,Condition,SNOMED,Clinical Finding,S,759961000000100,2014-04-01,2099-12-31, 
44805321,Referral to atrial fibrillation clinic,Observation,SNOMED,Procedure,S,785111000000107,2014-04-01,2099-12-31, 
44805762,Ostium secundum atrial septal defect resolved,Condition,SNOMED,Clinical Finding,S,818681000000104,2014-04-01,2099-12-31, 
44805913,Primary closure of atrial septal defect,Procedure,SNOMED,Procedure,S,789561000000101,2014-04-01,2099-12-31, 
44807374,Atrial fibrillation excluded,Observation,SNOMED,Context-dependent,S,816401000000105,2014-04-01,2099-12-31, 
44807910,Percutaneous occlusion of left atrial appendage,Procedure,SNOMED,Procedure,S,854911000000101,2014-04-01,2099-12-31, 
44808026,Atrial fibrillation care pathway,Observation,SNOMED,Procedure,S,847611000000104,2014-04-01,2099-12-31, 
44808106,Thoracoscopic exclusion of left atrial appendage,Procedure,SNOMED,Procedure,S,839331000000108,2014-04-01,2099-12-31, 
44809427,Right atrial catheter in situ,Observation,SNOMED,Clinical Finding,S,845471000000100,2014-04-01,2099-12-31, 
44809428,Left atrial catheter in situ,Observation,SNOMED,Clinical Finding,S,845481000000103,2014-04-01,2099-12-31, 
44810112,Exclusion of left atrial appendage,Procedure,SNOMED,Procedure,S,896421000000102,2014-04-01,2099-12-31, 
44812153,Fluoroscopy guided insertion of permanent pacemaker atrial lead,Procedure,SNOMED,Procedure,S,911171000000108,2014-04-01,2099-12-31, 
44812289,Fluoroscopy guided percutaneous insertion of right atrial appendage closure device,Procedure,SNOMED,Procedure,S,912291000000106,2014-04-01,2099-12-31, 
45759852,Atrial cardioversion system,Device,SNOMED,Physical Object,S,465316000,2015-01-31,2099-12-31, 
45760159,Atrial retractor,Device,SNOMED,Physical Object,S,465753009,2015-01-31,2099-12-31, 
45760208,Atrial cardioversion system catheter,Device,SNOMED,Physical Object,S,465816007,2015-01-31,2099-12-31, 
45765138,Atrial septal defect sizing plate,Device,SNOMED,Physical Object,S,701993008,2015-01-31,2099-12-31, 
45767522,Ventriculo-peritoneal/atrial shunt,Device,SNOMED,Physical Object,S,704955004,2015-01-31,2099-12-31, 
45768480,Longstanding persistent atrial fibrillation,Condition,SNOMED,Clinical Finding,S,706923002,2015-01-31,2099-12-31, 
45769228,Percutaneous transluminal ablation of atrial wall for atrial flutter,Procedure,SNOMED,Procedure,S,707832008,2015-01-31,2099-12-31, 
45880134,Premature atrial contractions,Meas Value,LOINC,Answer,S,LA17094-6,1970-01-01,2099-12-31, 
45883018,Atrial fibrillation,Meas Value,LOINC,Answer,S,LA17084-7,1970-01-01,2099-12-31, 
45883019,Atrial flutter,Meas Value,LOINC,Answer,S,LA17085-4,1970-01-01,2099-12-31, 
45883053,Medical-supraventricular tachycardia (including atrial fibrillation),Meas Value,LOINC,Answer,S,LA17563-0,1970-01-01,2099-12-31, 
46236798,Left atrial End-systolic volume by US.2D+Calculated by modified Simpson method,Measurement,LOINC,Clinical Observation,S,77904-1,2015-06-13,2099-12-31, 
46236799,Left atrial End-systolic volume by US.2D+Calculated by area-length method,Measurement,LOINC,Clinical Observation,S,77905-8,2015-06-19,2099-12-31, 
46236800,Left atrial End-systolic volume/Body surface area [Volume/Area] by US.2D+Calculated by modified Simpson method,Measurement,LOINC,Clinical Observation,S,77906-6,2015-06-19,2099-12-31, 
46236801,Left atrial End-systolic volume/Body surface area [Volume/Area] by US.2D+Calculated by area-length method,Measurement,LOINC,Clinical Observation,S,77907-4,2015-06-19,2099-12-31, 
46270486,History of atrial myxoma,Observation,SNOMED,Context-dependent,S,328001000119104,2015-07-31,2099-12-31, 
46272836,Atrial cerebrospinal fluid catheter,Device,SNOMED,Physical Object,S,711270002,2015-07-31,2099-12-31, 
